sha256,canonical_filename,duplicate_copies,all_observed_filenames,bytes,format,artifact_class,symbol,timeframe,chart_type,rows,first_or_trading_range,last_or_backtesting_range,last_trade_number,net_profit_usd,max_drawdown_intrabar_usd,notes,session,session_basis
4fe26a9b2ee9a5e81c24577f2abd51073e7e944f4f6aa43a77b61095af44e48c,"CME_MINI_DL_NQ1!, 2(1).csv",0,"CME_MINI_DL_NQ1!, 2(1).csv",3638411,csv,chart_data,CME_MINI:NQ1!,20 minutes,Heikin Ashi (verified transform),41239,2024-06-02T22:00:00+00:00,2026-09-30T13:20:00+00:00,,,,"41,239 timestamps aligned to standard file; HA close/high/low transform verified on all post-seed rows.",ETH,owner-confirmed start-year provenance
a8141ffa372b4ffaba4d6bf8b8998a489f2daf00bfad5e248bf27132d99f0932,"CME_MINI_DL_NQ1!, 20(1).csv",0,"CME_MINI_DL_NQ1!, 20(1).csv",5337701,csv,chart_data,CME_MINI:NQ1!,20 minutes,Candles / standard OHLC,41239,2024-06-02T22:00:00+00:00,2026-09-30T13:20:00+00:00,,,,Paired 20m standard OHLC source used to verify HA transform.,ETH,owner-confirmed start-year provenance
0c702ce1b34e5d2bab03b9820ed483609c85b2c2113dafda5b5696f879e48cf7,THE_PULSE_OF_ICARUS_CME_MINI_ES1!_2026-09-30 2.csv,1,THE_PULSE_OF_ICARUS_CME_MINI_ES1!_2026-09-30 2.csv | THE_PULSE_OF_ICARUS_CME_MINI_ES1!_2026-09-30.csv,175391,csv,trade_list,CME_MINI:ES1!,,,1734,2019-02-07 09:10,2025-06-13 08:50,867,,,,RTH,owner-confirmed start-year provenance
9b471fb02fd6dde9b967b1ef7fe8da07fe5be5c638c09038c2160b0bd755c7a3,THE_PULSE_OF_ICARUS_CME_MINI_ES1!_2026-09-30 4.xlsx,0,THE_PULSE_OF_ICARUS_CME_MINI_ES1!_2026-09-30 4.xlsx,383590,xlsx,strategy_report_xlsx,CME_MINI:ES1!,20 minutes,Heikin Ashi,1734,"Feb 7, 2019 at 08:50 — Sep 29, 2026 at 15:10","Feb 1, 2019 at 08:30 — Sep 29, 2026 at 15:10",867,401313,379158,commission=2; slippage=0 ticks; execution=On bar close; order_delay=One tick,RTH,owner-confirmed start-year provenance
9b039da30ce28c9d7ca57d213ea1d178e2375c877c69eb0c4d5a54cc4930fac5,THE_PULSE_OF_ICARUS_CME_MINI_ES1!_2026-09-30 6.xlsx,0,THE_PULSE_OF_ICARUS_CME_MINI_ES1!_2026-09-30 6.xlsx,399042,xlsx,strategy_report_xlsx,CME_MINI:ES1!,20 minutes,Heikin Ashi,1770,"Jun 3, 2024 at 10:20 — Sep 30, 2026 at 08:20","Jun 2, 2024 at 17:00 — Sep 30, 2026 at 08:20",885,392401,19929,commission=2; slippage=0 ticks; execution=On bar close; order_delay=One tick,ETH,owner-confirmed start-year provenance
30e885410e8fff5dc6977a7ea6902e3e8432e9363d66d3e33c5068468bed013a,THE_PULSE_OF_ICARUS_CME_MINI_ES1!_2026-09-30 7.xlsx,1,THE_PULSE_OF_ICARUS_CME_MINI_ES1!_2026-09-30 7.xlsx | THE_PULSE_OF_ICARUS_CME_MINI_ES1!_2026-09-30 8.xlsx,344824,xlsx,strategy_report_xlsx,CME_MINI:ES1!,20 minutes,Candles,1460,"Jun 3, 2024 at 10:00 — Sep 30, 2026 at 08:20","Jun 2, 2024 at 17:00 — Sep 30, 2026 at 08:20",730,-60633.5,108421.5,commission=2; slippage=0 ticks; execution=On bar close; order_delay=One tick,ETH,owner-confirmed start-year provenance
0e05de5ba655c90fa9a0f77153ab45816a73557fe5185373d5467671774088a6,THE_PULSE_OF_ICARUS_CME_MINI_NQ1!_2026-09-30 2(1).csv,6,THE_PULSE_OF_ICARUS_CME_MINI_NQ1!_2026-09-30 2(1).csv | THE_PULSE_OF_ICARUS_CME_MINI_NQ1!_2026-09-30 2(2).csv | THE_PULSE_OF_ICARUS_CME_MINI_NQ1!_2026-09-30 2(3).csv | THE_PULSE_OF_ICARUS_CME_MINI_NQ1!_2026-09-30 2.csv | THE_PULSE_OF_ICARUS_CME_MINI_NQ1!_2026-09-30(1).csv | THE_PULSE_OF_ICARUS_CME_MINI_NQ1!_2026-09-30(2).csv | THE_PULSE_OF_ICARUS_CME_MINI_NQ1!_2026-09-30.csv,178611,csv,trade_list,CME_MINI:NQ1!,,,1766,2024-06-03 10:20,2026-09-29 06:20,883,,,,ETH,owner-confirmed start-year provenance
99e74653ebb9444d27ed3a11f826d3304d46e72bff7e53a2acfb03dd69b17577,THE_PULSE_OF_ICARUS_CME_MINI_NQ1!_2026-09-30 2.xlsx,0,THE_PULSE_OF_ICARUS_CME_MINI_NQ1!_2026-09-30 2.xlsx,355096,xlsx,strategy_report_xlsx,CME_MINI:NQ1!,20 minutes,Candles,1496,"Jun 3, 2024 at 10:00 — Sep 30, 2026 at 08:20","Jun 2, 2024 at 17:00 — Sep 30, 2026 at 08:20",748,-148547,218906,commission=2; slippage=0 ticks; execution=On bar close; order_delay=One tick,ETH,owner-confirmed start-year provenance
05cebeb4a44fcad254b6c7ee05d66ef8a81593e5d984cf91b5ee1b1a8dd9aae3,THE_PULSE_OF_ICARUS_CME_MINI_NQ1!_2026-09-30 3.xlsx,0,THE_PULSE_OF_ICARUS_CME_MINI_NQ1!_2026-09-30 3.xlsx,229392,xlsx,strategy_report_xlsx,CME_MINI:NQ1!,20 minutes,Candles,948,"Feb 7, 2019 at 08:50 — Sep 29, 2026 at 15:10","Feb 1, 2019 at 08:30 — Sep 29, 2026 at 15:10",474,56950,80846,commission=2; slippage=0 ticks; execution=On bar close; order_delay=One tick,RTH,owner-confirmed start-year provenance
dc3c1c3b32bc7da97bcbaa5bd207eb1d462d8104cc77b9f4e5cb75eef9425585,THE_PULSE_OF_ICARUS_CME_MINI_NQ1!_2026-09-30 4.xlsx,0,THE_PULSE_OF_ICARUS_CME_MINI_NQ1!_2026-09-30 4.xlsx,526888,xlsx,strategy_report_xlsx,CME_MINI:NQ1!,20 minutes,Heikin Ashi,2408,"Feb 7, 2019 at 08:50 — Sep 29, 2026 at 15:10","Feb 1, 2019 at 08:30 — Sep 29, 2026 at 15:10",1204,967652,60844,commission=2; slippage=0 ticks; execution=On bar close; order_delay=One tick,RTH,owner-confirmed start-year provenance
a8d83d6ee2a1270cf90e5155ee63e317e7fddcbaf475eaf95c0feb920a292594,THE_PULSE_OF_ICARUS_CME_MINI_NQ1!_2026-09-30(1).xlsx,2,THE_PULSE_OF_ICARUS_CME_MINI_NQ1!_2026-09-30(1).xlsx | THE_PULSE_OF_ICARUS_CME_MINI_NQ1!_2026-09-30(2).xlsx | THE_PULSE_OF_ICARUS_CME_MINI_NQ1!_2026-09-30.xlsx,399992,xlsx,strategy_report_xlsx,CME_MINI:NQ1!,20 minutes,Heikin Ashi,1766,"Jun 3, 2024 at 10:00 — Sep 30, 2026 at 08:20","Jun 2, 2024 at 17:00 — Sep 30, 2026 at 08:20",883,700427,165324,commission=2; slippage=0 ticks; execution=On bar close; order_delay=One tick,ETH,owner-confirmed start-year provenance
